{"train_loss":6.377603564792209,"learning_rate":0.001,"_timestamp":1.7639583878692768e+09,"_step":30,"_wandb":{"runtime":8},"_runtime":8.702092,"iteration":30}