{"iteration":30,"train_loss":3.655827956729465,"learning_rate":0.001,"_timestamp":1.7640632080562763e+09,"_step":30,"_wandb":{"runtime":8},"_runtime":8.554399}