{"iteration":1930,"train_loss":2.735874767091944,"learning_rate":0.001,"_timestamp":1.7640658216546688e+09,"_step":1930,"_wandb":{"runtime":1694},"_runtime":1694.4604159}