{"_runtime":2.994022,"iteration":30,"train_loss":5.964538288116455,"learning_rate":0.001,"_timestamp":1.7639593588941846e+09,"_step":30,"_wandb":{"runtime":2}}